<?xml version="1.0" encoding="UTF-8"?>
<rss version="2.0" xmlns:ror="http://rorweb.com/0.1/" >
<channel>
  <title>ROR Sitemap for http://www.djbrachole.pl/</title>
  <link>http://www.djbrachole.pl/</link>

<item>
     <link>http://www.djbrachole.pl/</link>
     <title>DJ Wodzirej na Wesele Poznań | Muzyczna obsługa imprez</title>
     <description>Profesjonalni DJ i wodzireje na wesela i imprezy w Poznaniu i całej Wielkopolsce! Najlepsza muzyczna obsługa imprez</description>
     <ror:updatePeriod></ror:updatePeriod>
     <ror:sortOrder>0</ror:sortOrder>
     <ror:resourceOf>sitemap</ror:resourceOf>
</item>
<item>
     <link>http://www.djbrachole.pl/dj-wodzirej-wesele-imprezy-poznan</link>
     <title>DJ Wodzirej na Wesele Poznań | Muzyczna obsługa imprez</title>
     <description>Profesjonalni DJ i wodzireje na wesela i imprezy w Poznaniu i całej Wielkopolsce! Najlepsza muzyczna obsługa imprez</description>
     <ror:updatePeriod></ror:updatePeriod>
     <ror:sortOrder>1</ror:sortOrder>
     <ror:resourceOf>sitemap</ror:resourceOf>
</item>
<item>
     <link>http://www.djbrachole.pl/dj-wodzirej-cena-oferta</link>
     <title>DJ Wodzirej Cena i Oferta na Wesele i Imprezy</title>
     <description>Wysoka jakość, przystępne ceny DJ i wodzirejki w Poznaniu! Atrakcyjna oferta na wszelakie imprezy&amp;#9835;. Nie szukaj dalej!</description>
     <ror:updatePeriod></ror:updatePeriod>
     <ror:sortOrder>1</ror:sortOrder>
     <ror:resourceOf>sitemap</ror:resourceOf>
</item>
<item>
     <link>http://www.djbrachole.pl/dj-galeria-wesela</link>
     <title>DJ Galeria | Zdjęcia z Wesel i Imprez</title>
     <description>DJ Brachole. Galeria naszych zdjęć z weselech i imprez. Zobacz znakomicie bawiących się gości i nasz w akcji!</description>
     <ror:updatePeriod></ror:updatePeriod>
     <ror:sortOrder>1</ror:sortOrder>
     <ror:resourceOf>sitemap</ror:resourceOf>
</item>
<item>
     <link>http://www.djbrachole.pl/dj-filmy-wesela</link>
     <title>DJ Filmy z Wesel i Imprez</title>
     <description>DJ Brachole - filmy z imprez. Obejrzyj filmy przedstawiające bawiących się gości na naszych imprezach!</description>
     <ror:updatePeriod></ror:updatePeriod>
     <ror:sortOrder>1</ror:sortOrder>
     <ror:resourceOf>sitemap</ror:resourceOf>
</item>
<item>
     <link>http://www.djbrachole.pl/dj-brachole-o-nas</link>
     <title>O Nas | DJ BRACHOLE</title>
     <description>DJ Brachole - krótki zabawny opis o nas i historii naszej działalności oraz trochę o nas prywatnie</description>
     <ror:updatePeriod></ror:updatePeriod>
     <ror:sortOrder>1</ror:sortOrder>
     <ror:resourceOf>sitemap</ror:resourceOf>
</item>
<item>
     <link>http://www.djbrachole.pl/dj-brachole-kontakt</link>
     <title>DJ Kontakt | DJ BRACHOLE</title>
     <description>Zadzwoń, napisz do nas!</description>
     <ror:updatePeriod></ror:updatePeriod>
     <ror:sortOrder>1</ror:sortOrder>
     <ror:resourceOf>sitemap</ror:resourceOf>
</item>
<item>
     <link>http://www.djbrachole.pl/dj-wedding</link>
     <title>Wedding DJ Poland Poznań | Music event service</title>
     <description>Professional DJs for weddings and events in Poznan and Poland! The best musical event service</description>
     <ror:updatePeriod></ror:updatePeriod>
     <ror:sortOrder>1</ror:sortOrder>
     <ror:resourceOf>sitemap</ror:resourceOf>
</item>
<item>
     <link>http://www.djbrachole.pl/dj-hochzeiten-geschehen-posen</link>
     <title>Hochzeit DJ Polen Posen | Musik Event Service</title>
     <description>Professionelle DJs für Hochzeiten und Events in Posen und Polen! Der beste musikalische Veranstaltungsservice</description>
     <ror:updatePeriod></ror:updatePeriod>
     <ror:sortOrder>1</ror:sortOrder>
     <ror:resourceOf>sitemap</ror:resourceOf>
</item>
<item>
     <link>http://www.djbrachole.pl/onas.html</link>
     <title>O Nas | DJ BRACHOLE</title>
     <description>DJ Brachole - krótki zabawny opis o nas i historii naszej działalności oraz trochę o nas prywatnie</description>
     <ror:updatePeriod></ror:updatePeriod>
     <ror:sortOrder>1</ror:sortOrder>
     <ror:resourceOf>sitemap</ror:resourceOf>
</item>
<item>
     <link>http://www.djbrachole.pl/dj-offer-price-poland</link>
     <title>DJ Offer Prices in Poland</title>
     <description>High quality, affordable prices DJ in Poznan and Poland! Attractive offer at all events. Look no further!</description>
     <ror:updatePeriod></ror:updatePeriod>
     <ror:sortOrder>2</ror:sortOrder>
     <ror:resourceOf>sitemap</ror:resourceOf>
</item>
<item>
     <link>http://www.djbrachole.pl/dj-gallery</link>
     <title>DJ Galley | Photos from weddings and parties</title>
     <description>DJ Brachole. Gallery of our pictures from weddings and parties. See the great players and ours in action!</description>
     <ror:updatePeriod></ror:updatePeriod>
     <ror:sortOrder>2</ror:sortOrder>
     <ror:resourceOf>sitemap</ror:resourceOf>
</item>
<item>
     <link>http://www.djbrachole.pl/dj-clips</link>
     <title>DJ clips from weddings and parties</title>
     <description>DJ Brachole - Clipsfrom events. Watch videos of entertaining guests at our events!</description>
     <ror:updatePeriod></ror:updatePeriod>
     <ror:sortOrder>2</ror:sortOrder>
     <ror:resourceOf>sitemap</ror:resourceOf>
</item>
<item>
     <link>http://www.djbrachole.pl/dj-about</link>
     <title>About Us | DJ BRACHOLE</title>
     <description>DJ Brachole - A short funny description of us and the history of our business and a little about us privately</description>
     <ror:updatePeriod></ror:updatePeriod>
     <ror:sortOrder>2</ror:sortOrder>
     <ror:resourceOf>sitemap</ror:resourceOf>
</item>
<item>
     <link>http://www.djbrachole.pl/dj-contact</link>
     <title>DJ contact | DJ BRACHOLE</title>
     <description>Call us, write to us!</description>
     <ror:updatePeriod></ror:updatePeriod>
     <ror:sortOrder>2</ror:sortOrder>
     <ror:resourceOf>sitemap</ror:resourceOf>
</item>
<item>
     <link>http://www.djbrachole.pl/aboutus.html</link>
     <title>About Us | DJ BRACHOLE</title>
     <description>DJ Brachole - A short funny description of us and the history of our business and a little about us privately</description>
     <ror:updatePeriod></ror:updatePeriod>
     <ror:sortOrder>2</ror:sortOrder>
     <ror:resourceOf>sitemap</ror:resourceOf>
</item>
<item>
     <link>http://www.djbrachole.pl/dj-angebot-preis-polen</link>
     <title>DJ Angebot Preise in Polen</title>
     <description>Hohe Qualität, erschwingliche Preise DJ in Posen und Polen! Attraktives Angebot bei allen Veranstaltungen. Suchen Sie nicht weiter!</description>
     <ror:updatePeriod></ror:updatePeriod>
     <ror:sortOrder>2</ror:sortOrder>
     <ror:resourceOf>sitemap</ror:resourceOf>
</item>
<item>
     <link>http://www.djbrachole.pl/dj-galerie</link>
     <title>DJ Galerie | Fotos von Hochzeiten und Partys</title>
     <description>DJ Brachole. Gallery of our pictures from weddings and parties. See the great players and ours in action!</description>
     <ror:updatePeriod></ror:updatePeriod>
     <ror:sortOrder>2</ror:sortOrder>
     <ror:resourceOf>sitemap</ror:resourceOf>
</item>
<item>
     <link>http://www.djbrachole.pl/dj-brachole-clips</link>
     <title>DJ clips from weddings and parties</title>
     <description>DJ Brachole - Clipsfrom events. Watch videos of entertaining guests at our events!</description>
     <ror:updatePeriod></ror:updatePeriod>
     <ror:sortOrder>2</ror:sortOrder>
     <ror:resourceOf>sitemap</ror:resourceOf>
</item>
<item>
     <link>http://www.djbrachole.pl/dj-uber-uns</link>
     <title>Über uns | DJ BRACHOLE</title>
     <description>DJ Brachole - Eine kurze lustige Beschreibung von uns und der Geschichte unseres Geschäfts und ein wenig über uns privat</description>
     <ror:updatePeriod></ror:updatePeriod>
     <ror:sortOrder>2</ror:sortOrder>
     <ror:resourceOf>sitemap</ror:resourceOf>
</item>
<item>
     <link>http://www.djbrachole.pl/brachole-dj-kontakt</link>
     <title>DJ Kontakt | DJ BRACHOLE</title>
     <description>Rufen Sie uns an, schreiben Sie uns!</description>
     <ror:updatePeriod></ror:updatePeriod>
     <ror:sortOrder>2</ror:sortOrder>
     <ror:resourceOf>sitemap</ror:resourceOf>
</item>
</channel>
</rss>
  